{
    "0": 5.042727589815137,
    "3": 6.6000913033553985,
    "11": 7.502594706798132,
    "13": 7.7520107238605895,
    "8": 13.95511583011583,
    "7": 14.610914603335019,
    "10": 14.790281329923273,
    "9": 16.457029026750142,
    "6": 28.403732809430256,
    "2": 36.14375,
    "5": 37.21364221364222,
    "4": 62.04935622317596,
    "1": 139.01442307692307,
    "12": 157.14673913043478,
    "14": 0.1
}